Site,Sku (Sykes),Sku (Magento),Product Title,Stock,Product Type,Size,Format,Cover,Material,Colour
Consumer,BB4443,4443,Bride to B - Wedding Planner (Script),3301,Planners & Organisers,Large,,Hard Cover,Paper,White
Consumer,BB8663,8663,Busy B - Travel Wallet (Safari Nights),2833,Purses & Wallets,Medium,,,Faux Leather,Navy
Consumer,BB8175,8175,Busy B - Meal Planner (Fashion),2806,Planners & Organisers,Medium,,Soft Cover,Paper,Navy
Consumer,BB7628,7628,Bride to B - Wedding Notes,2803,Stickers & Notes,Small,,Soft Cover,Paper,Pink
Consumer,BB7826,7826,Busy B - Pen & Case (Fashion),2607,Pens & Pencils,Small,,,,Multi
Consumer,BB5006,5006,Bride to B - Wedding Sticky Notes (Script),2380,Stickers & Notes,Small,,,Paper,Pink
Consumer,BB5167,5167,Bride to B - Wedding Wall Planner,2328,Planners & Organisers,Medium,,,Paper,White
Consumer,BB8809,8809,Busy B - Rollerball Pens (Safari Nights),2235,Pens & Pencils,Small,,,Plastic,Multi
Consumer,BB9967,9967,Stylus Pen ,2208,Pens & Pencils,Small,,,Plastic,Blue
Consumer,BB8786,8786,Busy B - Page Markers (Safari Nights),2184,Stickers & Notes,Small,,,Paper,Multi
Consumer,BB9677,9677,Goals Diary ,1991,Diaries,Medium,Week to View,Hard Cover,Faux Leather,Silver
Consumer,BB7604,7604,Bride to B - Wedding Organiser,1877,Planners & Organisers,Large,,Hard Cover,Paper,Pink
Consumer,BB9769,9769,Password Book ,1876,Planners & Organisers,Small,,Hard Cover,Paper,Multi
Consumer,BB9066,9066,Busy B - Busy Life Notebook - A5 Nude,1867,Notebook,Small,,Hard Cover,Faux Leather,Pink
Consumer,BB8687,8687,Busy B - Travel File (Safari Nights),1835,Planners & Organisers,Large,,Hard Cover,Paper,White
Consumer,BB7963,7963,Busy B - Travel Planner (Fashion),1682,Planners & Organisers,Medium,,Soft Cover,Plastic,Navy
Consumer,BB9882,9882,Weekly Planner Pad ,1662,List Pads,Medium,Week to View,,Paper,Blue
Consumer,BB9639,9639,Perfect Planner,1638,Diaries,Medium,Week to View,Hard Cover,Faux Leather,Blue
Consumer,BB8953,8953,Busy B - Busy Life Notebook - A6 Rose Gold,1635,Notebook,Small,,Hard Cover,Faux Leather,Rose Gold
Consumer,BB9608,9608,Family Calendar ,1624,Calendars,Medium,Month to View,,Paper,Multi
Consumer,BB6652,6652,Baby B - Baby Journal (Blue),1525,Planners & Organisers,Large,,Hard Cover,Paper,Blue
Consumer,BB8595,8595,Bride to B - Bridesmaid Planner (Romantic),1508,Planners & Organisers,Medium,,Hard Cover,Faux Leather,Pink
Consumer,BB4467,4467,Bride to B - Bridesmaid Planner (Script),1472,Planners & Organisers,Medium,,Soft Cover,Paper,White
Consumer,BB8700,8700,Busy B - Travel Pouch (Safari Nights),1471,Purses & Wallets,Large,,,Plastic,Clear
Consumer,BB1657,1657,Bride to B - Wedding Sticky Notes (Heart),1464,Stickers & Notes,Small,,,Paper,Multi
Consumer,BB8984,8984,Baby B - Milestone Cards (Blue),1455,Planners & Organisers,Small,,,Paper,Blue
Consumer,BB9554,9554,Busy Life Calendar,1434,Calendars,Medium,Month to View,,Paper,Blue
Consumer,BB9783,9783,Meal Planner ,1395,Planners & Organisers,Medium,,Soft Cover,Paper,Multi
Consumer,BB2050,2050,Bride to B - Wedding To Do's,1391,Notebook,Medium,,Hard Cover,Paper,White
Consumer,BB9707,9707,Pocket Diary,1367,Diaries,Small,Week to View,Soft Cover,Faux Leather,Grey
Consumer,BB0386,0386,Undated Planner ,1366,Planners & Organisers,Medium,,Hard Cover,Faux Leather,Navy
Consumer,BB8816,8816,Busy B - Stylus Pen (Safari Nights),1328,Pens & Pencils,Small,,,Plastic,Multi
Consumer,BB8847,8847,Busy B - Vehicle Document File (Safari Nights),1315,Planners & Organisers,Large,,Hard Cover,Paper,White
Consumer,BB8724,8724,Busy B - Card Overspill Book (Safari Nights),1310,Planners & Organisers,Small,,,Faux Leather,Blue
Consumer,BB9837,9837,Rollerball Pens ,1306,Pens & Pencils,Small,,,Plastic,Multi
Consumer,BB9073,9073,Busy B - Busy Life Notebook - A5 Red,1248,Notebook,Medium,,Hard Cover,Faux Leather,Red
Consumer,BB4450,4450,Bride to B - Wedding Guest Book (Script),1240,Planners & Organisers,Large,,Hard Cover,Paper,White
Consumer,BB8991,8991,Baby B - Milestone Cards (Pink),1233,Planners & Organisers,Small,,,Paper,Pink
Consumer,BB6775,6775,Bride to B - Heart Stickers,1231,Stickers & Notes,Small,,,,Gold
Consumer,BB8748,8748,Busy B - Address & Birthday Book (Safari Nights),1196,Planners & Organisers,Small,,Hard Cover,Faux Leather,Pink
Consumer,BB8694,8694,Busy B - Currency Purse (Safari Nights),1194,Purses & Wallets,Medium,,,Faux Leather,Blue
Consumer,BB8182,8182,Busy B - Travel Set (Fashion),1189,Purses & Wallets,Small,,,Faux Leather,Pink
Consumer,BB6669,6669,Baby B - Baby Journal (Pink),1177,Planners & Organisers,Large,,Hard Cover,Paper,Pink
Consumer,BB0409,0409,Couples Calendar,1167,Calendars,Medium,Month to View,,Paper,Pink
Consumer,BB9660,9660,A6 To Do Diary ,1165,Diaries,Small,Week to View,Hard Cover,Paper,White
Consumer,BB9981,9981,Busy B - Pen Loop Blue/Red,1156,Pens & Pencils,Small,,,Pen,Blue
Consumer,BB7352,7352,Bride to B - Wedding To Do's (New Heart),1142,Planners & Organisers,Medium,,Hard Cover,Paper,White
Consumer,BB8618,8618,Bride to B - Wedding Countdown Cards (Romantic),1141,Planners & Organisers,Small,,,Paper,Pink
Consumer,BB8977,8977,Busy B - Busy Life Notebook - A6 Grey,1138,Notebook,Small,,Hard Cover,Faux Leather ,White
Consumer,BB6638,6638,Baby B - Grandparents Journal,1135,Planners & Organisers,Medium,,Hard Cover,Paper,Green
Consumer,BB7659,7659,Bride to B - Luggage Tags,1126,Purses & Wallets,Small,,,Faux Leather,Grey
Consumer,BB9844,9844,Gift Planner,1108,Planners & Organisers,Medium,,Hard Cover,Faux Leather,Gold
Consumer,BB9790,9790,Weekly Planner Pad,1093,List Pads,Medium,Week to View,,Paper,Navy
Consumer,BB9493,9493,Busy Life Diary ,1079,Diaries,Medium,Week to View,Hard Cover,Paper,Pink
Consumer,BB8861,8861,Busy B - Busy Life Notebook - A6 Red,1074,Notebook,Small,,Soft Cover,Paper,Red
Consumer,BB0000,0000,Busy B - Pen Loop Navy/Yellow,1071,Pens & Pencils,Small,,,Faux Leather,Navy
Consumer,BB9042,9042,Busy B - Busy Life Notebook - A5 Leopard,1043,Notebook,Medium,,Soft Cover,Paper,Blue
Consumer,BB9011,9011,Busy B - Busy Life Notebook - A5 Grey,1029,Notebook,Medium,,Hard Cover,Faux Leather,Grey
Consumer,BB9035,9035,Busy B - Busy Life Notebook - A5 Spot,993,Notebook,Medium,,Soft Cover,Paper,Pink
Consumer,BB7208,7208,Busy B - Page Markers (Contemp),990,Stickers & Notes,Small,,,Paper,Multi
Consumer,BB7611,7611,Bride to B - Page Markers,971,Stickers & Notes,Small,,,Paper,White
Consumer,BB9479,9479,Family Calendar ,970,Calendars,Medium,Month to View,,Paper,Pink
Consumer,BB8779,8779,Busy B - Weekly Planner Pad (Safari Nights),964,List Pads,Medium,Week to View,,Paper,Multi
Consumer,BB9578,9578,Perfect Planner,941,Planners & Organisers,Medium,Week to View,Hard Cover ,Faux Leather,Gold
Consumer,BB0331,0331,Study Cards (A6),912,Planners & Organisers,Small,,,Paper,Multi
Consumer,BB7246,7246,Bride to B - Wedding Anniversary Book,912,Planners & Organisers,Medium,,Hard Cover,Paper,White
Consumer,BB9905,9905,Busy Life Notebook - A6 (Paper),885,Notebook,Small,,Soft Cover,Paper,Navy
Consumer,BB7642,7642,Bride to B - Travel Wallet,873,Purses & Wallets,Medium,,,Faux Leather,Grey
Consumer,BB0317,0317,Pen Loop,871,Pens & Pencils,Small,,,Faux Leather,Silver
Consumer,BB9899,9899,Busy Life Notebook - Pink A5 (Faux),841,Notebook,Medium,,Hard Cover,Faux Leather,Pink
Consumer,BB8601,8601,Bride to B - Guest Message Cards (Romantic),840,Planners & Organisers,Small,,,Paper,White
Consumer,BB0348,0348,Bullet Journal (Silver faux),826,Notebook,Medium,,Hard Cover,Faux Leather,Silver
Consumer,BBR0010,R0010,Busy B Address Book Refills (5 sheets),791,Planners & Organisers,Large,,,Paper,White
Consumer,BB9738,9738,Birthday Card Book ,773,Planners & Organisers,Large,,Hard Cover,Paper,Pink
Consumer,BB7116,7116,Busy B - Large Pouch (Contemp),752,Purses & Wallets,Large,,,Faux Leather,Blue
Consumer,BB9547,9547,Desktop Calendar,725,Calendars,Small,Month to View,,Paper,Navy
Consumer,BB6768,6768,Bride to B - Keepsake Box (Script),709,Planners & Organisers,Large,,,,White
Consumer,BB7970,7970,Busy B - Travel Checklist (Fashion),704,List Pads,Medium,,,Paper,Multi
Consumer,BB8878,8878,Busy B - Busy Life Notebook - A6 Leopard,704,Notebook,Small,,Soft Cover,Paper,Multi
Consumer,BB9486,9486,Couples Calendar ,678,Calendars,Medium,Month to View,,Paper,Green
Consumer,BB9936,9936,Pencils ,675,Pens & Pencils,Small,,,,Multi
Consumer,BB7833,7833,Busy B - Pouch (Fashion),672,Purses & Wallets,Medium,,,Faux Leather,Gold
Consumer,BB8960,8960,Busy B - Busy Life Notebook - A6 Yellow,662,Notebook,Small,,Hard Cover,Faux Leather,Yellow
Consumer,BB4474,4474,Bride to B - Seating Plan (Script),661,Planners & Organisers,Medium,,,Paper,White
Consumer,BB0294,0294,List Pad (A5),656,List Pads,Medium,,,Paper,White
Consumer,BB9462,9462,Large Family Calendar ,650,Calendars,Large,Month to View,,Paper,Multi
Consumer,BB7802,7802,Busy B - Travel Wallet (Fashion),602,Purses & Wallets,Medium,,,Faux Leather,Pink
Consumer,BB9622,9622,Busy Life Diary ,590,Diaries,Medium,Week to View,Hard Cover,Paper,Multi
Consumer,BB8854,8854,Busy B - Busy Life Notebook - A6 Stripe,590,Notebook,Small,,Soft Cover,Paper,Navy
Consumer,BB7918,7918,Busy B - List Pad (Fashion),574,List Pads,Small,,,Paper,Multi
Consumer,BB6584,6584,Baby B - Baby Journal (Neutral),573,Planners & Organisers,Large,,Soft Cover,Paper,Yellow
Consumer,BB7994,7994,Busy B - Cord Keepers (Fashion),565,Accessories,Small,,,Faux Leather,Multi
Consumer,BB7345,7345,Bride to B - Wedding Planner (New Heart),561,Planners & Organisers,Large,,Hard Cover,Paper,White
Consumer,BB7000,7000,Busy B - Gift Wrap Bag (Contemp),552,Accessories,Medium,,,,Blue
Consumer,BB9059,9059,Busy B - Busy Life Notebook - A5 Navy,544,Notebook,Medium,,Hard Cover,Faux Leather,Navy
Consumer,BB6485,6485,Busy B - Luggage Tags (Fashion),544,Purses & Wallets,Small,,,Faux Leather,Blue
Consumer,BB9509,9509,A6 To Do Diary ,534,Diaries,Small,Week to View,Hard Cover,Paper,Multi
Consumer,BB0324,0324,Stickers ,531,Stickers & Notes,Small,,,,Multi
Consumer,BB8830,8830,Busy B - Password Book Leopard (Safari Nights),530,Planners & Organisers,Small,,Hard Cover,Paper,Blue
Consumer,BB7697,7697,Busy B - Christmas Card Tree,521,Planners & Organisers,Large,,,Paper,Gold
Consumer,BB5877,5877,Busy B - Wrap-Around Reminders (Pretty),520,Accessories,Small,,,Paper,White
Consumer,BB6591,6591,Baby B - Pregnancy Journal,474,Planners & Organisers,Medium,,Hard Cover,Paper,Grey
Consumer,BB7840,7840,Busy B - Purse (Fashion),472,Purses & Wallets,Small,,,Faux Leather,Navy
Consumer,BBR033,R033,Busy B - Couples Calendar 2020 Sticker Refill (5pk),465,Stickers & Notes,Small,,,,Multi
Consumer,BBR013,R013,Busy B - Refill Slim Address Book Stickers,462,Stickers & Notes,Small,,,Paper,White
Consumer,BB0362,0362,Zipped Passport Cover,455,Purses & Wallets,Small,,,Faux Leather,Silver
Consumer,BBR001,R001,K TWO - Flip Top Recipe File (Refill),435,Planners & Organisers,Medium,,,Paper,White
Consumer,BB7949,7949,Busy B - Travel Purse (Fashion),433,Purses & Wallets,Medium,,,Faux Leather,Blue
Consumer,BB9929,9929,Page Markers ,419,Stickers & Notes,Small,,,Paper,Multi
Consumer,BB9974,9974,Card Holder ,412,Purses & Wallets,Small,,,Faux Leather ,Blue
Consumer,BB9950,9950,Pouch ,400,Purses & Wallets,Large,,,Faux Leather,Silver
Consumer,BBR035,R035,2020 Perfect Planner Sticker Refills,398,Stickers & Notes,Small,,,,Multi
Consumer,BB8908,8908,Busy B - Mid Year Calendar 2019/20,396,Calendars,Medium,Month to View,,Paper,Multi
Consumer,BB9028,9028,Busy B - Busy Life Notebook - A5 Stripe,379,Notebook,Medium,,Soft Cover,Paper,Navy
Consumer,BB9776,9776,Magnetic Pad & Pen ,375,List Pads,Medium,,,,Multi
Consumer,BB9912,9912,Cord Keepers ,371,Accessories,Small,,,Faux Leather,Pink
Consumer,BBR032,R032,Busy B - Family Calendar Refill Stickers 2020 (Pk5),365,Stickers & Notes,Small,,,,Multi
Consumer,BB0027,0027,Busy Life Notebook - A5 (Paper) ,357,Notebook,Medium,,Soft Cover,Paper,Multi
Consumer,BB0010,0010,Busy Life Notebook - A5 (Faux) ,351,Notebook,Medium,,Hard Cover,Faux,Green
Consumer,BB3033,3033,Bride to B - Wedding Album & Keepsake Box (NEW Foiled),349,Planners & Organisers,Medium,,Hard Cover,Paper,Multi
Consumer,BB8793,8793,Busy B - Pen & Pencil Set (Safari Nights),345,Pens & Pencils,Small,,,Plastic,Multi 
Consumer,BB8823,8823,Busy B - Gift Wrap Bag (Safari Nights),336,Planners & Organisers,Medium,,,,Navy
Consumer,BB9806,9806,To Do Notes ,318,Stickers & Notes,Small,,Soft Cover,Paper,Pink
Consumer,BB9080,9080,Busy B - Password Book Navy (Safari Nights),315,Planners & Organisers,Small,,Hard Cover,Paper,Navy
Consumer,BBR018,R018,Busy B - Gold Washi Tape,302,Accessories,Small,,,,Gold
Consumer,BB7086,7086,Busy B - Hanging Birthday List (Contemp),299,Planners & Organisers,Medium,Month to View,,Paper,Multi
Consumer,BB8199,8199,Busy B - Mini Sticky Notes (Fashion),297,Stickers & Notes,Small,,,Paper,Multi
Consumer,BB9561,9561,Day A Page Diary ,291,Diaries,Medium,Day a Page,Soft Cover,Paper,Navy
Consumer,BB8588,8588,Busy B - Receipt Storage Book (Pretty),284,Planners & Organisers,Medium,,Hard Cover,Paper,Navy
Consumer,BBR031,R031,Busy B - Mid Year Calendar Sticker Refills,273,Stickers & Notes,Small,,,,Multi
Consumer,BB7901,7901,Busy B - Folio Pad (Fashion),263,List Pads,Large,,Soft Cover,Faux Leather,Blue
Consumer,BB6577,6577,Bride to B - Bridesmaid Scratch Cards (Script),260,Planners & Organisers,Small,,,Paper,White
Consumer,BB7789,7789,Busy B - Sticky Notes (Fashion),257,Stickers & Notes,Small,,,Paper,Pink
Consumer,BB9691,9691,Agenda Diary ,246,Diaries,Large,Week to View,Hard Cover,Paper,Navy
Consumer,BB7765,7765,Busy B - Expanding File (Fashion),242,Planners & Organisers,Large,,,Paper,Navy
Consumer,BBR028,R028,Busy B - Couples Calendar 2019 Sticker Refill (5pk),232,Stickers & Notes,Small,,,,Multi
Consumer,BB5181,5181,Bride to B - Wedding Concertina Folder,217,Planners & Organisers,Large,,,Paper,White
Consumer,BB7390,7390,Busy B - Mini Sticky Notes (Pretty),212,Stickers & Notes,Small,,,Paper,Multi
Consumer,BB6553,6553,Bride to B - Guest Coasters,209,Accessories,Small,,,Paper,White
Consumer,BB7185,7185,Busy B - A4 Folders (Contemp),207,Accessories,Large,,,Paper,Blue
Consumer,BB7758,7758,Busy B - A3 Desk Pad (Fashion),202,List Pads,Large,,,Paper ,Multi
Consumer,BBR020,R020,Busy B - Refill Pack for Wedding Seating Planner,200,Planners & Organisers,Small,,,,White
Consumer,BBR034,R034,2020 Goals Diary Sticker Refills,200,Stickers & Notes,Small,,,,Multi
Consumer,BBR030,R030,Busy B - Mid Year Perfect Planner Sticker Refills,194,Stickers & Notes,Small,,,,Multi
Consumer,BB9592,9592,Everyday Diary (Blue),192,Diaries,Medium,Week to View,,,Blue
Consumer,BB4818,4818,Busy B - Sticky Notes (Flower),188,Stickers & Notes,Small,,,,Pink
Consumer,BBR027,R027,Busy B - Family Calendar Refill Stickers 2019 (Pk5),187,Stickers & Notes,Small,,,,Multi
Consumer,BB7444,7444,Busy B - Budget Book (Pretty),184,Planners & Organisers,Medium,,Soft Cover,Paper,Blue
Consumer,BB6683,6683,Bride to B - Place Cards (Script),180,Planners & Organisers,Small,,,Paper,White
Consumer,BB9868,9868,Recipe File ,177,Planners & Organisers,Large,,Hard Cover,Paper,White
Consumer,BBR0002,R0002,K TWO - Travel Journal Booklet (Refill),173,Notebook,Medium,,,,Paper
Consumer,BB9653,9653,Desktop Calendar ,168,Calendars,Small,Month to View,,Paper,Blue
Consumer,BB0249,0249,OLE Goals Diary 2020 (Pink),166,Diaries,Medium,Week to View,Hard Cover,Faux Leather,Pink
Consumer,BB4993,4993,Bride to B - Wedding To Do's (Script),146,Planners & Organisers,Medium,,Soft Cover,Paper,White
Consumer,BB1640,1640,Bride to B - Wedding Planner (Heart),122,Planners & Organisers,Large,,Hard Cover,Paper,White
Consumer,BB6980,6980,Busy B - Pen Pot,120,Pens & Pencils,Small,,,,Clear
Consumer,BB0225,0225,OLE Goals Diary 2020 (Gunmetal),112,Diaries,Medium,Week to View,Hard Cover,Faux Leather,Grey
Consumer,BB7192,7192,Busy B - Travel Wallet (Contemp),112,Purses & Wallets,Large,,,Faux Leather,Navy
Consumer,BB9745,9745,Budget Book,111,Planners & Organisers,Medium,,Soft Cover,Paper,Green
Consumer,BB9004,9004,Baby B - Pregnancy Journal (Faux Silver),100,Planners & Organisers,Medium,,Hard Cover,Faux Leather,Silver
Consumer,BB6737,6737,Busy B - Mini Sticky Notes (Floral),83,Stickers & Notes,Small,,,Paper,Multi
Consumer,BB0089,0089,OLE To To 2020 (Silver),80,Diaries,Small,Week to View,Hard Cover,Faux Leather,Silver
Consumer,BB6607,6607,Baby B - Milestone Cards,77,Stickers & Notes,Small,,,Paper,Multi
Consumer,BB6065,6065,Busy B - Christmas Planner,74,Planners & Organisers,Medium,,Hard Cover,Paper,Multi
Consumer,BB7109,7109,Busy B - Meal Planner (Contemp),73,Planners & Organisers,Medium,,Soft Cover,Paper,Multi
Consumer,BB9721,9721,Large Address book ,50,Planners & Organisers,Large,,Hard Cover,Paper,White
Consumer,BB9646,9646,Slim Diary,46,Diaries,Small,Week to View,Hard Cover,Faux Leather,Red
Consumer,BB7796,7796,Busy B - Page Markers (Fashion),41,Stickers & Notes,Small,,,Paper,Multi
Consumer,BB7772,7772,Busy B - A5 Notebook (Fashion),40,Notebook,Medium,,Soft Cover,Paper,Multi
Consumer,BB0072,0072,OLE To Do 2020 (Gunmetal),38,Diaries,Small,Week to View,Hard Cover,Faux Leather,Grey
Consumer,BB5198,5198,Bride to B - Wedding His & Hers Sticky Notes (Script),34,Stickers & Notes,Small,,,Paper,White
Consumer,BB0096,0096,OLE To Do 2020 (Pink),30,Diaries,Small,Week to View,Hard Cover,Faux Leather,Pink
Consumer,BB0140,0140,OLE Perfect Planner 2020 (Silver),29,Diaries,Medium,Week to View,Hard Cover,Faux Leather,Silver
Consumer,BB0058,0058,OLE Busy Life Diary 2020 (Silver),24,Diaries,Medium,Week to View,Hard Cover,Faux Leather,Silver
Consumer,BB0393,0393,Everyday Diary (Pink),20,Diaries,Medium,Week to View,Soft Cover,Paper,Pink
Consumer,BB7093,7093,Busy B - Organiser Notebook (Contemp),16,Planners & Organisers,Medium,,Hard Cover,Paper,Multi
Consumer,BB9516,9516,Slim Diary ,14,Diaries,Small,Week to View,Hard Cover,Faux Leather ,Gold
Consumer,BB8939,8939,Busy B - Mid Year To Do Diary 2019/20 (Navy),14,Diaries,Small,Week to View,Hard Cover,Paper,Navy
Consumer,BB8892,8892,Busy B - Mid Year Perfect Planner Diary 2019/20 (Red),11,Diaries,Medium,Week to View,Hard Cover,Faux Leather,Red
Consumer,BB7178,7178,Busy B - Scrap Book  (Contemp),8,Planners & Organisers,Medium,,Hard Cover,Paper,Multi
Consumer,BB6676,6676,Busy B - Magnetic Pad & Pen Pink/Grey (Pretty),7,List Pads,Medium,,,,Pink
Consumer,BB9998,9998,Busy B - Pen Loop  Nude/Navy,7,Pens & Pencils,Small,,,Faux Leather,Navy
Consumer,BB6096,6096,Busy B - Christmas Shopping Organiser,4,Planners & Organisers,Medium,,Hard Cover,Paper,Multi
Consumer,BB0065,0065,OLE Busy Life Diary 2020 (Pink),3,Diaries,Medium,Week to View,Hard Cover,Faux Leather,Pink
Consumer,BB6508,6508,Busy B - Card Overspill Book (Contemp),3,Planners & Organisers,Small,,,Faux Leather,Navy
Consumer,BBR029,R029,Busy B - Refill Stickers Perfect Planner Diary 2019,3,Stickers & Notes,Small,,,,Multi
Consumer,BB4948,4948,Busy B - Christmas labels (metallic),2,Stickers & Notes,Small,,,,Multi
Consumer,BB9615,9615,Family Diary ,1,Diaries,Medium,Week to View,Hard Cover,Faux Leather,Navy
Consumer,BB0157,0157,OLE Perfect Planner 2020 (Pink),1,Diaries,Medium,Week to View,Hard Cover,Faux Leather,Pink
Consumer,BB7475,7475,Busy B - Weekly Planner Pad (Pretty),1,List Pads,Medium,Week to View,,Paper,Multi
Consumer,BB7147,7147,Busy B - Stylus Pen (Contemp),1,Pens & Pencils,Small,,,Plastic,Multi
Consumer,BB5341,5341,Busy B - Page Markers (Fashion),1,Stickers & Notes,Small,,,Paper,Multi
Consumer,BB8915,8915,Busy B - Mid Year Busy Life Diary 2019/20 (Navy Stripe),0,Diaries,Medium,Week to View,Hard Cover ,Paper,Navy
Consumer,BB9523,9523,Family Diary ,0,Diaries,Medium,Week to View,Hard Cover,Faux Leather,Pink
Consumer,BB0041,0041,OLE Busy Life Diary 2020 (Gunmetal),0,Diaries,Medium,Week to View,Hard Cover,Faux Leather,Grey
Consumer,BB0133,0133,OLE Perfect Planner 2020 (Gunmetal),0,Diaries,Medium,Week to View,Hard Cover,Faux Leather,Grey
Consumer,BB9165,9165,Busy B - Mid Year Busy Life Diary 2019/20 EXCLUSIVE,0,Diaries,Medium,Week to View,Hard Cover,Faux Leather,Rose Gold
Consumer,BB9158,9158,Busy B - Mid Year Perfect Planner Diary 2019/20 EXCLUSIVE,0,Diaries,Medium,Week to View,Hard Cover,Paper,Blue
Consumer,BB9189,9189,Busy B - Mid Year To Do Diary 2019/20 EXCLUSIVE,0,Diaries,Small,Week to View,Hard Cover,Faux Leather,Silver
Consumer,BB8885,8885,Busy B - Mid Year Busy Life Diary 2019/20 (Pink),0,Diaries,Medium,Week to View,Hard Cover,Paper,Pink
Consumer,BB9172,9172,Busy B - Mid Year Day A Page Diary 2019/20 EXCLUSIVE,0,Diaries,Medium,Day a Page,Hard Cover,Faux Leather,Pink
Consumer,BB7451,7451,Busy B - Magnetic Pad & Pen (Pretty),0,List Pads,Medium,,,,Multi
Consumer,BB5945,5945,Busy B - List Pad (Fashion),0,List Pads,Small,,,Paper,Multi
Consumer,BB6454,6454,Busy B - List Pad (Pretty),0,List Pads,Medium,,,Paper,Pink
Consumer,BB7468,7468,Busy B - Pen & Case (Pretty),0,Pens & Pencils,Small,,,,Multi
Consumer,BB4252,4252,Busy B - Stylus Pen (Dots),0,Pens & Pencils,Small,,,Plastic,Blue
Consumer,BB7857,7857,Busy B - Rollerball Pens (Fashion),0,Pens & Pencils,Small,,,Plastic,Multi
Consumer,BB6089,6089,Busy B - Christmas Tags & Twine,0,Planners & Organisers,Small,,,Paper,Multi
Consumer,BB7543,7543,Busy B - Password Book (Pretty),0,Planners & Organisers,Small,,Hard Cover,Paper,Multi
Consumer,BB4306,4306,Busy B - Book Journal (Pretty),0,Planners & Organisers,Medium,,Hard Cover,Paper,Multi
Consumer,BB7550,7550,Busy B - Coin Purse (Pretty),0,Purses & Wallets,Small,,,Faux Leather,Pink
Consumer,BB6034,6034,Busy B - Make Up Bag (Fashion),0,Purses & Wallets,Small,,,Faux Leather,Navy
Consumer,BB7123,7123,Busy B - To Do Notes (Contemp),0,Stickers & Notes,Small,,,Paper,Blue
Consumer,BB6072,6072,Busy B - Christmas Labels,0,Stickers & Notes,Small,,,,White
Consumer,BB6423,6423,Busy B - Labels (Pretty),0,Stickers & Notes,Small,,,,Multi
Consumer,BB4825,4825,Busy B - Dog Sticky Notes,0,Stickers & Notes,Small,,,Paper,White
Consumer,BB7314,7314,Busy B - Mini Sticky Notes (Pretty) To Do Diary,0,Stickers & Notes,Small,,,Paper,Pink